<?xml version="1.0" encoding="UTF-8"?>
<document type="com.apple.InterfaceBuilder3.CocoaTouch.Storyboard.XIB" version="3.0" toolsVersion="12106.1" systemVersion="16D32" targetRuntime="iOS.CocoaTouch" propertyAccessControl="none" useAutolayout="YES" useTraitCollections="YES" colorMatched="YES" initialViewController="zxq-GO-nHP">
    <device id="retina4_7" orientation="portrait">
        <adaptation id="fullscreen"/>
    </device>
    <dependencies>
        <deployment identifier="iOS"/>
        <plugIn identifier="com.apple.InterfaceBuilder.IBCocoaTouchPlugin" version="12074.1"/>
        <capability name="Constraints to layout margins" minToolsVersion="6.0"/>
        <capability name="documents saved in the Xcode 8 format" minToolsVersion="8.0"/>
    </dependencies>
    <scenes>
        <!--SignInViewController-->
        <scene sceneID="SMy-V3-Z7c">
            <objects>
                <viewController storyboardIdentifier="SignInViewController" id="zxq-GO-nHP" userLabel="SignInViewController" customClass="SignInViewController" sceneMemberID="viewController">
                    <layoutGuides>
                        <viewControllerLayoutGuide type="top" id="abG-qv-YP8"/>
                        <viewControllerLayoutGuide type="bottom" id="bqo-tI-KbX"/>
                    </layoutGuides>
                    <view key="view" contentMode="scaleToFill" id="OTh-0Q-7iK">
                        <rect key="frame" x="0.0" y="0.0" width="375" height="667"/>
                        <autoresizingMask key="autoresizingMask" widthSizable="YES" heightSizable="YES"/>
                        <subviews>
                            <label opaque="NO" userInteractionEnabled="NO" contentMode="left" horizontalHuggingPriority="251" verticalHuggingPriority="251" ambiguous="YES" text="Friendly Chat" textAlignment="center" lineBreakMode="tailTruncation" baselineAdjustment="alignBaselines" adjustsFontSizeToFit="NO" translatesAutoresizingMaskIntoConstraints="NO" id="YLb-ik-2ju">
                                <rect key="frame" x="99" y="204" width="177" height="36"/>
                                <fontDescription key="fontDescription" type="system" pointSize="30"/>
                                <color key="textColor" red="1" green="1" blue="1" alpha="1" colorSpace="custom" customColorSpace="sRGB"/>
                                <nil key="highlightedColor"/>
                            </label>
                            <view contentMode="center" ambiguous="YES" translatesAutoresizingMaskIntoConstraints="NO" id="zOL-0c-Cx3" customClass="GIDSignInButton">
                                <rect key="frame" x="109" y="309" width="156" height="49"/>
                                <color key="backgroundColor" red="1" green="0.56078431370000004" blue="0.0" alpha="1" colorSpace="custom" customColorSpace="sRGB"/>
                            </view>
                        </subviews>
                        <color key="backgroundColor" red="1" green="0.5" blue="0.0" alpha="1" colorSpace="custom" customColorSpace="sRGB"/>
                        <constraints>
                            <constraint firstItem="YLb-ik-2ju" firstAttribute="centerX" secondItem="OTh-0Q-7iK" secondAttribute="centerX" id="Jua-8g-bRY"/>
                            <constraint firstItem="zOL-0c-Cx3" firstAttribute="centerY" secondItem="OTh-0Q-7iK" secondAttribute="centerY" id="Xt2-gW-Jv6"/>
                            <constraint firstItem="zOL-0c-Cx3" firstAttribute="centerX" secondItem="YLb-ik-2ju" secondAttribute="centerX" id="fGs-By-vcO"/>
                            <constraint firstItem="zOL-0c-Cx3" firstAttribute="top" secondItem="YLb-ik-2ju" secondAttribute="bottom" constant="69" id="yBm-ij-LyW"/>
                        </constraints>
                    </view>
                    <connections>
                        <outlet property="signInButton" destination="zOL-0c-Cx3" id="pba-KS-Z7N"/>
                        <segue destination="uMT-A3-F60" kind="show" identifier="SignInToFP" id="axn-YP-kI7"/>
                    </connections>
                </viewController>
                <placeholder placeholderIdentifier="IBFirstResponder" id="txP-jG-AoV" userLabel="First Responder" sceneMemberID="firstResponder"/>
            </objects>
            <point key="canvasLocation" x="-55.200000000000003" y="52.623688155922046"/>
        </scene>
        <!--FPViewController-->
        <scene sceneID="moX-1M-48c">
            <objects>
                <viewController title="FPViewController" id="uMT-A3-F60" customClass="FCViewController" sceneMemberID="viewController">
                    <layoutGuides>
                        <viewControllerLayoutGuide type="top" id="yPS-DS-Klf"/>
                        <viewControllerLayoutGuide type="bottom" id="X8X-0F-Bdi"/>
                    </layoutGuides>
                    <view key="view" contentMode="scaleToFill" id="4Dk-Kp-xdq" userLabel="Root">
                        <rect key="frame" x="0.0" y="0.0" width="375" height="667"/>
                        <autoresizingMask key="autoresizingMask" widthSizable="YES" heightSizable="YES"/>
                        <subviews>
                            <tableView clipsSubviews="YES" contentMode="scaleToFill" alwaysBounceVertical="YES" dataMode="prototypes" style="plain" separatorStyle="default" rowHeight="50" sectionHeaderHeight="22" sectionFooterHeight="22" translatesAutoresizingMaskIntoConstraints="NO" id="DHD-HU-kCB">
                                <rect key="frame" x="12" y="68" width="351" height="491"/>
                                <color key="backgroundColor" red="1" green="1" blue="1" alpha="1" colorSpace="custom" customColorSpace="sRGB"/>
                                <prototypes>
                                    <tableViewCell contentMode="scaleToFill" selectionStyle="blue" hidesAccessoryWhenEditing="NO" indentationLevel="1" indentationWidth="0.0" reuseIdentifier="ClientCell" id="f9j-WJ-CnU">
                                        <rect key="frame" x="0.0" y="22" width="351" height="50"/>
                                        <autoresizingMask key="autoresizingMask"/>
                                        <tableViewCellContentView key="contentView" opaque="NO" clipsSubviews="YES" multipleTouchEnabled="YES" contentMode="center" tableViewCell="f9j-WJ-CnU" id="6Nv-bs-fSR">
                                            <rect key="frame" x="0.0" y="0.0" width="351" height="49.5"/>
                                            <autoresizingMask key="autoresizingMask"/>
                                        </tableViewCellContentView>
                                    </tableViewCell>
                                </prototypes>
                                <connections>
                                    <outlet property="dataSource" destination="uMT-A3-F60" id="spu-3o-Gv3"/>
                                    <outlet property="delegate" destination="uMT-A3-F60" id="cjd-Hd-tIf"/>
                                </connections>
                            </tableView>
                            <view contentMode="scaleToFill" translatesAutoresizingMaskIntoConstraints="NO" id="VRr-Ou-qfp" userLabel="Header">
                                <rect key="frame" x="-4" y="20" width="383" height="40"/>
                                <subviews>
                                    <button opaque="NO" contentMode="scaleToFill" contentHorizontalAlignment="center" contentVerticalAlignment="center" buttonType="roundedRect" lineBreakMode="middleTruncation" translatesAutoresizingMaskIntoConstraints="NO" id="6uD-8t-BBQ">
                                        <rect key="frame" x="306" y="19" width="73" height="20"/>
                                        <constraints>
                                            <constraint firstAttribute="width" constant="73" id="Ip7-2E-hBJ"/>
                                        </constraints>
                                        <state key="normal" title="SIGN OUT">
                                            <color key="titleColor" red="1" green="1" blue="1" alpha="1" colorSpace="custom" customColorSpace="sRGB"/>
                                            <color key="titleShadowColor" red="1" green="1" blue="1" alpha="1" colorSpace="custom" customColorSpace="sRGB"/>
                                        </state>
                                        <connections>
                                            <action selector="signOut:" destination="uMT-A3-F60" eventType="touchUpInside" id="Adq-Cs-4xZ"/>
                                        </connections>
                                    </button>
                                    <label opaque="NO" userInteractionEnabled="NO" contentMode="left" horizontalHuggingPriority="251" verticalHuggingPriority="251" text="Friendly Chat" textAlignment="center" lineBreakMode="tailTruncation" baselineAdjustment="alignBaselines" adjustsFontSizeToFit="NO" translatesAutoresizingMaskIntoConstraints="NO" id="CUI-XH-ETH">
                                        <rect key="frame" x="0.0" y="3" width="200" height="36"/>
                                        <constraints>
                                            <constraint firstAttribute="width" constant="200" id="K4h-1Y-mSS"/>
                                        </constraints>
                                        <fontDescription key="fontDescription" type="system" pointSize="30"/>
                                        <color key="textColor" red="1" green="1" blue="1" alpha="1" colorSpace="custom" customColorSpace="sRGB"/>
                                        <nil key="highlightedColor"/>
                                    </label>
                                    <button opaque="NO" contentMode="scaleToFill" contentHorizontalAlignment="center" contentVerticalAlignment="center" buttonType="roundedRect" lineBreakMode="middleTruncation" translatesAutoresizingMaskIntoConstraints="NO" id="bzG-Ms-LOb">
                                        <rect key="frame" x="234" y="-6" width="41" height="30"/>
                                        <state key="normal" title="Crash">
                                            <color key="titleColor" red="0.0" green="1" blue="1" alpha="1" colorSpace="custom" customColorSpace="sRGB"/>
                                        </state>
                                        <connections>
                                            <action selector="didPressCrash:" destination="uMT-A3-F60" eventType="touchUpInside" id="2mu-yr-bIK"/>
                                        </connections>
                                    </button>
                                    <button opaque="NO" contentMode="scaleToFill" contentHorizontalAlignment="center" contentVerticalAlignment="center" buttonType="roundedRect" lineBreakMode="middleTruncation" translatesAutoresizingMaskIntoConstraints="NO" id="Vlk-XX-9Qp">
                                        <rect key="frame" x="210" y="16" width="88" height="30"/>
                                        <state key="normal" title="Fresh Config"/>
                                        <connections>
                                            <action selector="didPressFreshConfig:" destination="uMT-A3-F60" eventType="touchUpInside" id="Sc1-ex-uRq"/>
                                        </connections>
                                    </button>
                                    <button opaque="NO" contentMode="scaleToFill" contentHorizontalAlignment="center" contentVerticalAlignment="center" buttonType="roundedRect" lineBreakMode="middleTruncation" translatesAutoresizingMaskIntoConstraints="NO" id="0fI-DT-AEE">
                                        <rect key="frame" x="324" y="-6" width="37" height="30"/>
                                        <state key="normal" title="Invite">
                                            <color key="titleColor" red="0.0" green="0.0" blue="0.0" alpha="0.54436961210000001" colorSpace="calibratedRGB"/>
                                        </state>
                                        <connections>
                                            <action selector="inviteTapped:" destination="uMT-A3-F60" eventType="touchUpInside" id="EHN-fP-4zJ"/>
                                        </connections>
                                    </button>
                                </subviews>
                                <color key="backgroundColor" red="1" green="0.5" blue="0.0" alpha="1" colorSpace="custom" customColorSpace="sRGB"/>
                                <constraints>
                                    <constraint firstItem="0fI-DT-AEE" firstAttribute="centerX" secondItem="6uD-8t-BBQ" secondAttribute="centerX" id="1rK-Rh-SSx"/>
                                    <constraint firstItem="bzG-Ms-LOb" firstAttribute="top" secondItem="VRr-Ou-qfp" secondAttribute="top" constant="-6" id="7r1-5R-I3T"/>
                                    <constraint firstAttribute="bottom" secondItem="6uD-8t-BBQ" secondAttribute="bottom" constant="1" id="7zS-PH-P86"/>
                                    <constraint firstItem="Vlk-XX-9Qp" firstAttribute="top" secondItem="VRr-Ou-qfp" secondAttribute="top" constant="16" id="FH2-nM-DGh"/>
                                    <constraint firstItem="0fI-DT-AEE" firstAttribute="baseline" secondItem="bzG-Ms-LOb" secondAttribute="baseline" id="Fpg-pY-zC9"/>
                                    <constraint firstAttribute="trailing" secondItem="6uD-8t-BBQ" secondAttribute="trailing" constant="4" id="Ldg-Oq-zPt"/>
                                    <constraint firstItem="CUI-XH-ETH" firstAttribute="top" secondItem="VRr-Ou-qfp" secondAttribute="top" constant="3" id="Stl-Ss-p7a"/>
                                    <constraint firstItem="6uD-8t-BBQ" firstAttribute="leading" secondItem="Vlk-XX-9Qp" secondAttribute="trailing" constant="8" symbolic="YES" id="TRw-Wf-xtd"/>
                                    <constraint firstItem="6uD-8t-BBQ" firstAttribute="top" secondItem="VRr-Ou-qfp" secondAttribute="top" constant="19" id="YJZ-hR-I88"/>
                                    <constraint firstItem="CUI-XH-ETH" firstAttribute="leading" secondItem="VRr-Ou-qfp" secondAttribute="leading" id="eXU-6q-3fR"/>
                                    <constraint firstAttribute="height" constant="40" id="lcD-f1-KBk"/>
                                    <constraint firstItem="bzG-Ms-LOb" firstAttribute="centerX" secondItem="Vlk-XX-9Qp" secondAttribute="centerX" id="uAT-Eg-2ES"/>
                                </constraints>
                                <userDefinedRuntimeAttributes>
                                    <userDefinedRuntimeAttribute type="boolean" keyPath="layer.masksToBound" value="NO"/>
                                    <userDefinedRuntimeAttribute type="size" keyPath="layer.shadowOffset">
                                        <size key="value" width="0.0" height="5"/>
                                    </userDefinedRuntimeAttribute>
                                    <userDefinedRuntimeAttribute type="number" keyPath="layer.shadowRadius">
                                        <integer key="value" value="5"/>
                                    </userDefinedRuntimeAttribute>
                                    <userDefinedRuntimeAttribute type="number" keyPath="layer.shadowOpacity">
                                        <integer key="value" value="5"/>
                                    </userDefinedRuntimeAttribute>
                                </userDefinedRuntimeAttributes>
                            </view>
                            <textField opaque="NO" clipsSubviews="YES" contentMode="scaleToFill" contentHorizontalAlignment="left" contentVerticalAlignment="center" borderStyle="roundedRect" textAlignment="natural" minimumFontSize="17" translatesAutoresizingMaskIntoConstraints="NO" id="STK-FK-gn5" userLabel="TextField">
                                <rect key="frame" x="44" y="567" width="265" height="30"/>
                                <fontDescription key="fontDescription" type="system" pointSize="14"/>
                                <textInputTraits key="textInputTraits"/>
                                <connections>
                                    <outlet property="delegate" destination="uMT-A3-F60" id="5FI-zi-SaF"/>
                                </connections>
                            </textField>
                            <view contentMode="scaleToFill" translatesAutoresizingMaskIntoConstraints="NO" id="9C0-fE-spr" customClass="GADBannerView">
                                <rect key="frame" x="129" y="622" width="118" height="45"/>
                                <color key="backgroundColor" red="1" green="1" blue="1" alpha="1" colorSpace="custom" customColorSpace="sRGB"/>
                                <constraints>
                                    <constraint firstAttribute="height" constant="45" id="VMB-xY-FkQ"/>
                                    <constraint firstAttribute="width" constant="118" id="ptq-PQ-goH"/>
                                </constraints>
                            </view>
                            <button opaque="NO" contentMode="scaleToFill" contentHorizontalAlignment="center" contentVerticalAlignment="center" buttonType="roundedRect" lineBreakMode="middleTruncation" translatesAutoresizingMaskIntoConstraints="NO" id="wv1-bL-LxQ">
                                <rect key="frame" x="317" y="567" width="46" height="30"/>
                                <constraints>
                                    <constraint firstAttribute="width" constant="46" id="U9l-n9-tYg"/>
                                </constraints>
                                <state key="normal" title="Send"/>
                                <connections>
                                    <action selector="didSendMessage:" destination="uMT-A3-F60" eventType="touchUpInside" id="QTo-o6-7gd"/>
                                </connections>
                            </button>
                            <button opaque="NO" contentMode="scaleToFill" contentHorizontalAlignment="center" contentVerticalAlignment="center" lineBreakMode="middleTruncation" translatesAutoresizingMaskIntoConstraints="NO" id="nhb-8J-WZ5">
                                <rect key="frame" x="12" y="570" width="24" height="24"/>
                                <constraints>
                                    <constraint firstAttribute="width" constant="24" id="1IF-84-GVk"/>
                                </constraints>
                                <state key="normal" image="ic_add_a_photo"/>
                                <connections>
                                    <action selector="didTapAddPhoto:" destination="uMT-A3-F60" eventType="touchUpInside" id="vaN-73-ycr"/>
                                </connections>
                            </button>
                        </subviews>
                        <color key="backgroundColor" red="1" green="1" blue="1" alpha="1" colorSpace="custom" customColorSpace="sRGB"/>
                        <constraints>
                            <constraint firstItem="nhb-8J-WZ5" firstAttribute="leading" secondItem="DHD-HU-kCB" secondAttribute="leading" id="2gb-4Y-0nV"/>
                            <constraint firstItem="STK-FK-gn5" firstAttribute="leading" secondItem="nhb-8J-WZ5" secondAttribute="trailing" constant="8" symbolic="YES" id="47z-nR-8nx"/>
                            <constraint firstAttribute="trailingMargin" secondItem="VRr-Ou-qfp" secondAttribute="trailing" constant="-20" id="7LE-0W-xWN"/>
                            <constraint firstItem="DHD-HU-kCB" firstAttribute="leading" secondItem="4Dk-Kp-xdq" secondAttribute="leadingMargin" constant="-4" id="8ff-Rm-C4p"/>
                            <constraint firstItem="STK-FK-gn5" firstAttribute="centerY" secondItem="nhb-8J-WZ5" secondAttribute="centerY" id="MG1-Zi-pOg"/>
                            <constraint firstItem="STK-FK-gn5" firstAttribute="top" secondItem="DHD-HU-kCB" secondAttribute="bottom" constant="8" symbolic="YES" id="VzZ-Uw-ID6"/>
                            <constraint firstItem="X8X-0F-Bdi" firstAttribute="top" secondItem="wv1-bL-LxQ" secondAttribute="bottom" constant="70" id="bLt-MX-wY3"/>
                            <constraint firstItem="DHD-HU-kCB" firstAttribute="top" secondItem="VRr-Ou-qfp" secondAttribute="bottom" constant="8" id="der-Ny-LDv"/>
                            <constraint firstItem="wv1-bL-LxQ" firstAttribute="leading" secondItem="STK-FK-gn5" secondAttribute="trailing" constant="8" symbolic="YES" id="e7L-dI-PkH"/>
                            <constraint firstItem="wv1-bL-LxQ" firstAttribute="trailing" secondItem="DHD-HU-kCB" secondAttribute="trailing" id="jLu-32-ERV"/>
                            <constraint firstItem="VRr-Ou-qfp" firstAttribute="leading" secondItem="4Dk-Kp-xdq" secondAttribute="leadingMargin" constant="-20" id="lXP-yU-4e8"/>
                            <constraint firstItem="VRr-Ou-qfp" firstAttribute="top" secondItem="yPS-DS-Klf" secondAttribute="bottom" id="lgZ-Wt-SEn"/>
                            <constraint firstItem="9C0-fE-spr" firstAttribute="centerX" secondItem="DHD-HU-kCB" secondAttribute="centerX" id="n39-i8-dE7"/>
                            <constraint firstItem="9C0-fE-spr" firstAttribute="bottom" secondItem="X8X-0F-Bdi" secondAttribute="top" id="sLh-63-72I"/>
                            <constraint firstItem="STK-FK-gn5" firstAttribute="top" secondItem="wv1-bL-LxQ" secondAttribute="top" id="spZ-ka-Cxy"/>
                            <constraint firstAttribute="trailingMargin" secondItem="DHD-HU-kCB" secondAttribute="trailing" constant="-4" id="xhU-Sl-tIr"/>
                        </constraints>
                    </view>
                    <connections>
                        <outlet property="banner" destination="9C0-fE-spr" id="NlI-Px-SJT"/>
                        <outlet property="clientTable" destination="DHD-HU-kCB" id="VEb-Fb-vE0"/>
                        <outlet property="sendButton" destination="wv1-bL-LxQ" id="NjU-mG-4FR"/>
                        <outlet property="textField" destination="STK-FK-gn5" id="NHK-Z3-xOt"/>
                    </connections>
                </viewController>
                <placeholder placeholderIdentifier="IBFirstResponder" id="dLT-eE-jeg" userLabel="First Responder" sceneMemberID="firstResponder"/>
            </objects>
            <point key="canvasLocation" x="759" y="53"/>
        </scene>
    </scenes>
    <resources>
        <image name="ic_add_a_photo" width="24" height="24"/>
    </resources>
</document>
